Date,Title
14-3-2019,Geneva 2019: Tata Motors To Reveal New Generation Passenger Vehicles
14-3-2019,Tata Harrier receives over 10000 bookings in India since launch
14-3-2019,Boeing 737 Max 8 ban: SpiceJet cancels 35 flights; sets up passenger complaint cell
15-3-2019,"Not just Tata Motors, a lot of other companies are excited by Jaguar Land Rover numbers"
15-3-2019,"Tata, Reliance, Airtel are the best Indian brands: Interbrand Report"
15-3-2019,"New fare scheme for Rajdhani, Shatabdi from 15 March 2019: 5 things to know | Mint"
16-3-2019,Badla box office collection day 8: Amitabh Bachchan film nears Rs 50 crore!
16-3-2019,How India pays for fitness | Mint
16-3-2019,Lucknow University Admission 2019: Online admission process for LU courses kicks off
17-3-2019,Geneva 2019: Tata Motors To Reveal New Generation Passenger Vehicles
17-3-2019,Tata Motors to have 4 new cars making global debut at 2019 Geneva - Official
17-3-2019,Govt to formulate new rules to promote greener options of electricity transmission cables
18-3-2019,"High court stays Wadia defamation plea hearing against Ratan Tata, others | Mint"
18-3-2019,"Stocks in the news: TechM, Mindtree, Dr Reddy's Labs, Rel Infra, Finolex Cables and Tata Motors"
18-3-2019,One-third of existing jobs to be automated in next 3 years: Survey
19-3-2019,New Tata Tiago facelift spied with Tata Altroz-inspired fascia
19-3-2019,"Not just Tata Motors, a lot of other companies are excited by Jaguar Land Rover numbers"
19-3-2019,"Stocks in the news: TechM, Mindtree, Dr Reddy's Labs, Rel Infra, Finolex Cables and Tata Motors"
20-3-2019,Tata H5X Concept @ Auto Expo 2018. Named Tata Harrier! EDIT: Launched @ Rs. 12.69 lakhs
20-3-2019,"Stocks in the news: TechM, Mindtree, Dr Reddy's Labs, Rel Infra, Finolex Cables and Tata Motors"
20-3-2019,5 bestselling entry-level hatchbacks in February 2019
21-3-2019,Slowdown in automobile sales forces parts makers to tread with caution
21-3-2019,MG Motor signs Benedict Cumberbatch as India brand ambassador | Mint
21-3-2019,All-new BMW 2 Series Gran Coupe teased
22-3-2019,"Tata Harrier vehicle is classified under heading 8703 with compensation rate @ 22% : AAR, Maharashtra"
22-3-2019,Tata H5X Concept @ Auto Expo 2018. Named Tata Harrier! EDIT: Launched @ Rs. 12.69 lakhs
22-3-2019,"Tata Motors Finance asked to return vehicle, pay Chandigarh resident Rs 1.2 lakh for seizing it"
23-3-2019,"Gostisbehere scores 2, surging Red Wings rout Capitals 8-3 for 1st 6-game winning streak since 2019"
23-3-2019,Tata Motors Announces New Harrier TV Campaign For IPL 2019
23-3-2019,Tata H5X Concept @ Auto Expo 2018. Named Tata Harrier! EDIT: Launched @ Rs. 12.69 lakhs
24-3-2019,Tata Motors to increase car prices from April 2019
24-3-2019,Tata H5X Concept @ Auto Expo 2018. Named Tata Harrier! EDIT: Launched @ Rs. 12.69 lakhs
24-3-2019,Giving Credit
25-3-2019,Tata H5X Concept @ Auto Expo 2018. Named Tata Harrier! EDIT: Launched @ Rs. 12.69 lakhs
25-3-2019,"Tata Motors to Hike Prices of the Harrier, Nexon, Tiago, and Others"
25-3-2019,"80% of Indian engineers not fit for jobs, says survey"
26-3-2019,"Indian online food ordering market set to grow at 16.2%, to touch $17.02 billion by 2023"
26-3-2019,"What BSE, NSE special live trading session mean for investors? Zerodha explains | Mint"
26-3-2019,Jet Airways public shareholders to get 1 share for every 100
27-3-2019,GMR Infra share price rises after Tata Group-led consortium plans to buy 40% stake in all GMR airports
27-3-2019,Production-spec Tata Altroz spotted with 16-inch alloys
27-3-2019,"Stocks in the news: Tata Motors, NBCC, Vedanta, MT Educare and Bank of Baroda"
28-3-2019,Tata Group's Titan: Jewellery-to-eyewear manufacturer's market capitalisation crosses ₹3 lakh crore
28-3-2019,Designing the Future of Mobility
28-3-2019,"Mahindra to hike prices of vehicles by up to Rs 73,000 from April"
29-3-2019,Tata Motors sells stake in TAL to TASL for Rs 625 crore
29-3-2019,2019 Tata Hexa starts arriving at dealerships
29-3-2019,Tata Motors arm transfers defence business worth Rs 625 crore to TASL
30-3-2019,Here are 11 electric cars that will be launched in the next two years
30-3-2019,Cyrus Mistry's removal shocked us: Ex-brand custodian of Tata Group
30-3-2019,"Income tax, GST offices to remain open this Saturday, Sunday to help year-end collection"
31-3-2019,"Tata Motors posts net loss of Rs 28,826 crore in FY19, JLR turns profitable in Q4"
31-3-2019,Tata Motors gains 5% as JLR expects earnings to improve in Q4
31-3-2019,Tata Capital offers NCDs with annual interest up to 8.85% | Mint
1-4-2019,"Share Market Updates: Sensex gains 164 points, Nifty closes at 11655 level; Tata Motors, PNB Housing Finance top ..."
1-4-2019,Tata H5X Concept @ Auto Expo 2018. Named Tata Harrier! EDIT: Launched @ Rs. 12.69 lakhs
1-4-2019,"Not just Tata Motors, a lot of other companies are excited by Jaguar Land Rover numbers"
2-4-2019,Mahindra XUV300 Vs Maruti Vitara Brezza: Image Comparison
2-4-2019,Tata H5X Concept @ Auto Expo 2018. Named Tata Harrier! EDIT: Launched @ Rs. 12.69 lakhs
2-4-2019,Tata Motors displays environment-friendly solutions at Clean Tech Environment 2019
3-4-2019,2019 Tata Hexa - Now in pictures
3-4-2019,Tata H5X Concept @ Auto Expo 2018. Named Tata Harrier! EDIT: Launched @ Rs. 12.69 lakhs
3-4-2019,TATA STEEL ALL SET TO CELEBRATE THE 180th BIRTH ANNIVERSARY OF IT'S FOUNDER
4-4-2019,"Tata Hexa 2016-2020 XT On Road Price (Diesel), Features & Specs, Images"
4-4-2019,"No production of Tata Nano for 3rd month in row, no sales in March"
4-4-2019,Tata Harrier outsells Jeep Compass and Mahindra XUV500 in March sales
5-4-2019,Warren Buffett's Annual Letter: 6 Sage Tips for Investors | Mint
5-4-2019,Indian man gets 16 years jail-time for raping student in Singapore
5-4-2019,Towards the lithium-ion battery production network: Thinking beyond mineral supply chains
6-4-2019,TCS Dividend Payment Date: Tata Consultancy Services likely to announce interim dividend this week - Check...
6-4-2019,"TCS shares trade in red - Buy, Sell or Hold? Heres what brokerage suggests"
6-4-2019,"MG Hector Bookings To Begin From June 4, 2019"
7-4-2019,SC says govt can take over your land for free if it… | Mint
7-4-2019,"Sensex, Nifty close higher ahead of Budget 2019"
7-4-2019,Jaguar chief's salary nosedives after JLR reports record losses
8-4-2019,The Kia Seltos SUV (SP Concept). EDIT : Launched at Rs. 9.69 lakhs
8-4-2019,Auto industry may further cut production | Mint
8-4-2019,How the NBFC crisis sent India's automobile sector into a tailspin
9-4-2019,SUVs drive passenger vehicle sales to over 40 lakh units in 2023
9-4-2019,Tata Motors share price falls over 5% amid reports JLR to shut UK plants for a week
9-4-2019,Truck Sales Crash 60%; Ashok Leyland Sees Decline of 70% in August
10-4-2019,Got sold a Tata Harrier damaged in transit; repainted shoddily. EDIT: Resolved (page 3)
10-4-2019,"Tata Tiago 2019-2020 XM On Road Price (Petrol), Features & Specs, Images"
10-4-2019,Renault outperforms Kia and Tata Motors in terms of volumes and market share in September 2019
11-4-2019,"Lok Sabha Election 2024 : Seat-sharing deal finalised by Maharashtra allies, announcement soon: Sanjay Raut | Mint"
11-4-2019,Tata Motors share price falls over 5% amid reports JLR to shut UK plants for a week
11-4-2019,Tata Motors announces countrywide customer dialogue programme and service campaigns
12-4-2019,"Tata Altroz bookings to start on December 4, launch in January 2020"
12-4-2019,Tata unveils Altroz: First car from the company's stable with BSVI powertrain
12-4-2019,First Tata Altroz rolls off the production line
